canonical_name,n_users,sample_desc,avg_conf,polarity_neg,polarity_pos,max_sim_to_predef,best_predef_match,category
70s_horror_admirer,1,"The user shows a particular fondness for horror films from the 1970s, frequently highlighting them as classics.",0.85,0,1,0.33542567,genre_preference,medium_specific
action_and_humor_combination,1,"The user enjoys movies that blend action with humor, finding this combination particularly entertaining.",0.8,0,1,0.45494682,sensory_preference,medium_specific
actor_admiration,1,"The user expresses a clear admiration for specific actors, particularly Lena Olin and Abbie Cornish, often highlighting their performances as a reason for enjoying films.",0.85,0,1,0.3273195,brand_loyalty,medium_specific
actor_loyalty,1,"The user shows a preference for films featuring specific actors, indicating that their enjoyment of a movie can be influenced by the cast.",0.75,0,1,0.63845587,brand_loyalty,medium_specific
actor_preference_lori_loughlin,1,"The user expresses a specific fondness for actress Lori Loughlin, indicating a preference for her performances in mystery movies.",0.85,0,1,0.4083453,genre_preference,medium_specific
actor_versus_rapper_preference,1,"The user believes that certain artists, like 50 Cent, are better suited for acting than their original careers in music.",0.7,0,1,0.354087,genre_preference,medium_specific
adaptation_fidelity,1,The user prefers adaptations that remain faithful to the source material while effectively translating its essence to film.,0.9,0,1,0.44662836,sensory_preference,medium_specific
admiration_for_director_auteurs,1,"The user shows a strong appreciation for the work of specific directors, particularly Akira Kurosawa, and values their unique storytelling styles.",0.85,0,1,0.3110094,narrative_complexity,medium_specific
animal_cruelty_awareness,1,The user shows a strong preference for films and documentaries that highlight issues of animal cruelty and advocate for animal rights.,0.9,0,1,0.3097549,genre_preference,medium_specific
animated_childhood_nostalgia,1,"The user has a fondness for animated series from their childhood, enjoying them both with children and alone.",0.9,0,1,0.36910063,emotional_resonance,surface
animated_movie_comparisons,1,"The user often compares animated films to their originals, indicating a preference for certain adaptations over others.",0.7,0,0,0.4043757,sensory_preference,medium_specific
animation_quality,1,"The user appreciates high-quality animation in films and shows, particularly those that are visually appealing and entertaining for children.",0.85,0,1,0.41088092,sensory_preference,medium_specific
animation_quality_valued,1,"The user places a high value on the quality of animation in movies, often praising it when done well.",0.9,0,1,0.4438972,quality_sensitivity,medium_specific
anticipation_for_collection,1,"The user shows excitement and anticipation for completing their collection of a series, indicating a strong commitment to their interests.",0.8,0,1,0.33922696,pacing_preference,surface
appreciation_for_action_scenes,1,"The user values action scenes in films, particularly in the context of thought-provoking narratives.",0.8,0,1,0.50531644,sensory_preference,medium_specific
appreciation_for_adaptations,3,"The user appreciates when movies successfully adapt books, indicating a preference for well-executed adaptations.",0.8166666666666668,0,3,0.41188112,sensory_preference,medium_specific
appreciation_for_authenticity,1,"The user values authenticity in storytelling, particularly in portrayals of street life and real experiences.",0.8,0,1,0.4176405,emotional_resonance,surface
appreciation_for_british_cinema,1,"The user expresses a clear fondness for British films and series, often highlighting their quality.",0.85,0,1,0.397226,genre_preference,medium_specific
appreciation_for_british_humor,1,"The user enjoys British humor, indicating a preference for shows that incorporate this style of comedy.",0.8,0,1,0.3567505,sensory_preference,surface
appreciation_for_character_depth,11,"The user values films that feature characters with depth and personal growth, often appreciating complex narratives that explore their journeys.",0.8272727272727273,2,8,0.56185293,narrative_complexity,medium_specific
appreciation_for_characters,1,"The user shows a clear preference for shows and movies with engaging characters, often highlighting them positively in their reviews.",0.9,0,1,0.4949896,brand_loyalty,medium_specific
appreciation_for_classic_comedy,1,"The user shows a strong preference for classic comedies, particularly those featuring iconic duos like Laurel and Hardy and Abbott and Costello.",0.9,0,1,0.34848,genre_preference,surface
appreciation_for_classic_disney,1,"The user expresses a clear enjoyment of classic Disney films, often highlighting their fun and nostalgic qualities.",0.8,0,1,0.352886,emotional_resonance,medium_specific
appreciation_for_classic_film,1,"The user shows a strong preference for classic films, particularly those featuring less mainstream actors like Hayley Mills and Kurt Russell.",0.9,0,1,0.44408685,genre_preference,medium_specific
appreciation_for_classic_romance,1,The user enjoys classic romance films that focus on traditional relationships without modern complications.,0.8,0,1,0.43154365,genre_preference,medium_specific
appreciation_for_compelling_narratives,1,"The user values narratives that are compelling and thought-provoking, particularly in television.",0.75,0,1,0.49211353,narrative_complexity,surface
appreciation_for_complex_characters,1,"The user enjoys films and shows that feature rich, complex characters, often highlighting their psychological depth.",0.9,0,1,0.49841678,narrative_complexity,medium_specific
appreciation_for_directorial_style,1,"The user shows a preference for specific directors and their unique styles, particularly in comedic contexts.",0.65,0,1,0.41455534,genre_preference,medium_specific
appreciation_for_diverse_music_styles,1,The user enjoys a variety of music styles and appreciates collections that feature different vocal groups and genres.,0.8,0,1,0.5061981,genre_preference,cdr_relevant
appreciation_for_documentaries,8,The user shows a strong preference for documentaries that provide in-depth and unbiased information on significant events or figures.,0.86875,0,8,0.39955288,genre_preference,medium_specific
appreciation_for_family_themes,1,"The user is drawn to narratives that explore family dynamics and relationships, often finding them relatable and engaging.",0.8,0,1,0.43978828,narrative_complexity,surface
appreciation_for_film_noir,1,"The user has a deep appreciation for film noir, often highlighting its stylistic elements, themes, and iconic performances.",0.95,0,1,0.5150422,genre_preference,medium_specific
appreciation_for_fun_adventures,1,"The user enjoys movies that are fun and adventurous, often with a fast pace and engaging plot.",0.9,0,1,0.4944602,pacing_preference,medium_specific
appreciation_for_gritty_realism,1,"The user enjoys gritty and realistic portrayals in films, valuing authenticity in storytelling.",0.85,0,1,0.43238348,narrative_complexity,medium_specific
appreciation_for_heartwarming_stories,1,"The user enjoys narratives that evoke emotional responses, such as laughter and tears, and often highlights the moral lessons in the stories.",0.85,0,1,0.4782802,emotional_resonance,surface
appreciation_for_high_quality_restorations,1,"The user values high-quality restorations of classic shows and movies, emphasizing clarity and sound quality.",0.85,0,1,0.35234326,sensory_preference,medium_specific
appreciation_for_horror_and_gore,3,The user appreciates horror films that focus on psychological tension and creepy atmospheres rather than just jump scares.,0.85,0,3,0.44736063,sensory_preference,medium_specific
appreciation_for_informative_content,1,"The user values films and series that are not only entertaining but also informative, especially in their field of work.",0.8,0,1,0.42561638,emotional_resonance,medium_specific
appreciation_for_inspiring_true_stories,1,"The user enjoys films that are based on true stories, especially those that convey inspirational messages.",0.85,0,1,0.3950265,pacing_preference,medium_specific
appreciation_for_noir_elements,1,"The user enjoys shows that incorporate noir elements, particularly with strong character chemistry.",0.8,0,1,0.36916125,genre_preference,surface
appreciation_for_performances,18,"The user appreciates strong performances from actors, particularly noting how they convey emotions effectively.",0.8111111111111111,0,18,0.5147587,emotional_resonance,medium_specific
appreciation_for_quirkiness,1,"The user enjoys movies that are quirky and humorous, finding them entertaining and refreshing.",0.85,0,1,0.4578343,sensory_preference,medium_specific
appreciation_for_slow_pacing,1,"The user enjoys shows and movies that have a varying pace, particularly those that are mostly slow.",0.9,0,1,0.637921,pacing_preference,medium_specific
appreciation_for_social_commentary,1,"The user values films that provide social commentary or address important issues, particularly those related to family and community.",0.8,0,1,0.541157,emotional_resonance,medium_specific
appreciation_for_special_effects,1,"The user values good acting and special effects in films, indicating a preference for high production quality.",0.7,0,0,0.50070775,sensory_preference,medium_specific
appreciation_for_underappreciated_films,1,"The user tends to enjoy films that are considered underappreciated or underrated, often highlighting their unique qualities.",0.8,0,1,0.38476187,sensory_preference,medium_specific
appreciation_for_visual_storytelling,1,The user appreciates films that prioritize visual language and artistic expression over traditional narrative structures.,0.8,0,1,0.5380675,narrative_complexity,medium_specific
appreciation_for_war_movies,1,The user enjoys war films that depict combat realistically and engage with historical themes.,0.85,0,1,0.38898438,genre_preference,medium_specific
aversion_to_gratuitous_content,3,"The user expresses a clear aversion to films that contain overt violence, especially against women, indicating a preference for more gentle storytelling.",0.8333333333333334,3,0,0.45422792,genre_preference,medium_specific
binge_worthy_content,2,"The user favors shows that are highly engaging and addictive, prompting binge-watching.",0.875,0,2,0.3816231,sensory_preference,medium_specific
boredom_threshold,1,"The user has a low tolerance for boredom in films and series, often leading to disengagement or sleepiness.",0.85,1,0,0.37257317,sensory_preference,medium_specific
cautious_optimism,1,The user often approaches new films or seasons with caution but can be pleasantly surprised if they exceed expectations.,0.65,0,1,0.31290656,pacing_preference,medium_specific
character_connection_importance,1,"The user values movies that explore character relationships and connections, particularly in family dynamics.",0.8,0,1,0.4652095,narrative_complexity,medium_specific
character_depth_value,1,"The user values films that provide depth to characters, often noting performances that bring complexity and nuance to the roles.",0.8,0,1,0.44612825,narrative_complexity,medium_specific
character_driven_narratives,6,"The user enjoys narratives that focus on character development and relationships, particularly in family settings.",0.8166666666666668,0,6,0.6231459,narrative_complexity,cdr_relevant
character_engagement,1,"The user enjoys shows and movies with engaging and fun characters, often noting how their child connects with these characters.",0.9,0,1,0.3712021,emotional_resonance,medium_specific
character_focus,1,"The user shows a preference for character-driven narratives, expressing enjoyment for specific characters or their development.",0.9,0,1,0.59494233,narrative_complexity,cdr_relevant
character_motivation_importance,1,"The user places significant importance on character motivations and development, finding poorly developed characters detrimental to the viewing experience.",0.85,1,0,0.4662027,narrative_complexity,surface
chef_mentorship_appreciation,1,"The user enjoys shows that feature mentorship and personal growth, particularly in competitive environments.",0.9,0,1,0.29707813,quality_sensitivity,surface
childrens_engagement,1,"The user is concerned about the engagement level of children's content, preferring videos that hold their interest.",0.8,1,0,0.39012092,emotional_resonance,surface
collection_completion,1,"The user values completing collections of specific franchises or series, indicating a desire for comprehensive ownership.",0.85,0,1,0.243565,brand_loyalty,medium_specific
collectors_enthusiasm,1,The user shows enthusiasm for collecting classic films and appreciates the restoration and preservation of older works.,0.8,0,1,0.29617825,emotional_resonance,medium_specific
comedic_genius_appreciation,1,"The user has a strong appreciation for comedic talent, particularly highlighting figures like Mel Brooks and Gene Kelly for their humor and creativity.",0.9,0,1,0.28995147,brand_loyalty,surface
comedy_enjoyment,5,The user enjoys comedies that are well-written and capable of eliciting strong laughter.,0.85,0,5,0.395585,sensory_preference,surface
commercial_discontent,1,"The user expresses frustration with interruptions from commercials during shows, indicating a preference for uninterrupted viewing.",0.8,1,0,0.37114882,pacing_preference,surface
community_sharing,1,"The user frequently mentions sharing movies with others, indicating a preference for content that fosters community and connection.",0.75,0,1,0.40521118,sensory_preference,medium_specific
consistent_positive_feedback,1,"The user consistently provides positive feedback across multiple reviews, indicating a strong preference for the content they are watching.",1.0,0,1,0.39120248,quality_sensitivity,surface
consistent_quality,1,"The user consistently rates films highly, indicating a preference for quality productions.",0.9,0,1,0.54859143,quality_sensitivity,medium_specific
creature_actor_appreciation,1,"The user shows a strong appreciation for actors who portray creatures, particularly in horror or sci-fi genres.",0.9,0,1,0.42633146,genre_preference,medium_specific
critical_analysis,1,"The user engages in critical analysis of plot elements, often pointing out flaws or inconsistencies in the story.",0.8,0,0,0.59480906,narrative_complexity,cdr_relevant
critical_of_boring_interviews,1,The user finds behind-the-scenes content or interviews uninteresting if they do not add value to the musical experience.,0.7,1,0,0.3756278,sensory_preference,medium_specific
critical_of_childish_storylines,1,"The user is critical of films that feature childish or unrealistic storylines, particularly in survival or adventure genres.",0.9,1,0,0.49365938,narrative_complexity,medium_specific
critical_of_dark_themes,1,"The user expresses a preference against overly dark or serious themes in movies, indicating a desire for lighter content.",0.75,1,0,0.5331939,genre_preference,medium_specific
critical_of_formulaic_plots,1,"The user dislikes films with predictable and formulaic storylines, often finding them unoriginal and lacking in depth.",0.8,1,0,0.5940925,narrative_complexity,medium_specific
critical_of_historical_accuracy,1,"The user expresses skepticism about the historical accuracy of narratives, particularly in series that blend fact with fiction.",0.7,0,0,0.4811098,narrative_complexity,surface
critical_of_repetitive_series,1,"The user shows awareness of series that are becoming repetitive or tired, indicating a desire for fresh content.",0.85,0,0,0.3639189,pacing_preference,surface
critical_view_on_quality,1,"The user is critical of the quality of some productions, noting that certain films should not have been released theatrically.",0.6,0,0,0.48004356,quality_sensitivity,medium_specific
critique_of_character_development,1,"The user critiques character development in series, particularly when they feel it declines over time.",0.8,1,0,0.49565172,narrative_complexity,surface
critique_of_language_use,1,"The user is sensitive to the use of language in films, particularly in terms of appropriateness for different audiences.",0.7,0,0,0.4170876,sensory_preference,medium_specific
critique_of_lazy_humor,1,"The user is critical of films that rely on lazy or juvenile humor, indicating a preference for more sophisticated comedic writing.",0.85,1,0,0.3806445,pacing_preference,medium_specific
critique_of_pedestrian_storytelling,1,"The user is critical of films that are overly simplistic or predictable, preferring more complex narratives.",0.75,1,0,0.519199,narrative_complexity,medium_specific
critique_of_repetitive_humor,1,"The user critiques humor that becomes repetitive, indicating a desire for originality in comedic content.",0.75,0,0,0.33310235,pacing_preference,surface
critique_of_weak_dialogue,1,"The user is critical of films that feature poor dialogue, which detracts from the overall quality of the movie.",0.85,1,0,0.36396742,narrative_complexity,medium_specific
cultural_appreciation,4,"The user shows an interest in films that honor cultural figures or historical contexts, appreciating the homage paid to legends.",0.7375,0,4,0.43452162,emotional_resonance,medium_specific
cultural_critique_of_hollywood,1,"The user critiques the cultural and moral decline they perceive in Hollywood, often linking it to broader societal issues.",0.9,1,0,0.41616684,genre_preference,surface
cultural_inclusivity_value,1,"The user values shows that promote cultural diversity and inclusivity, believing they can bring people together.",0.7,0,1,0.394284,brand_loyalty,surface
cultural_representation,1,"The user values authentic cultural representation in films, particularly when it is done respectfully and without patronization.",0.8,0,1,0.41940325,emotional_resonance,medium_specific
desire_for_more_content,1,"The user expresses a desire for more episodes or sequels of shows and movies they enjoy, indicating a strong engagement with the content.",0.85,0,1,0.3868969,sensory_preference,medium_specific
dialogue_quality_concern,1,"The user is critical of poor dialogue, indicating that they find it detracts from the overall quality of the film or series.",0.8,1,0,0.41224706,quality_sensitivity,medium_specific
disappointment_in_classics,1,The user expresses disappointment in classic films that do not meet modern entertainment standards.,0.75,1,0,0.38741636,genre_preference,medium_specific
disappointment_in_repetitive_themes,1,"The user is disappointed by movies that do not offer new themes or ideas, particularly in genres they are familiar with.",0.8,1,0,0.53618944,genre_preference,medium_specific
disappointment_in_story_inconsistency,1,"The user expresses disappointment when stories lack consistency or coherence, particularly in animated features.",0.8,1,0,0.513523,narrative_complexity,cdr_relevant
disappointment_in_theme_quality,1,"The user expresses disappointment in certain show themes, indicating a desire for more engaging or original concepts.",0.75,1,0,0.41117293,quality_sensitivity,surface
disappointment_threshold,1,"The user has a low tolerance for series that do not engage them early on, leading to quick disengagement.",0.85,1,0,0.35410684,quality_sensitivity,surface
disappointment_with_adaptations,11,"The user expresses dissatisfaction when a movie or show does not meet their expectations compared to its source material, such as books.",0.7772727272727273,11,0,0.4237622,brand_loyalty,medium_specific
disappointment_with_boring_content,1,"The user expresses disappointment when content fails to engage them, particularly when they find it boring or lacking excitement.",0.8,1,0,0.3525335,pacing_preference,surface
disappointment_with_documentaries,1,The user expresses disappointment with documentaries that fail to deliver engaging content or depth.,0.8,1,0,0.3795752,sensory_preference,medium_specific
disappointment_with_horror_elements,1,"The user is disappointed when horror movies fail to deliver on suspense or action, indicating a preference for more thrilling content.",0.9,1,0,0.44102794,sensory_preference,medium_specific
disappointment_with_lengthy_performances,1,"The user expresses dissatisfaction with lengthy performances that lack engaging content, indicating a preference for concise and impactful shows.",0.75,1,0,0.4350911,pacing_preference,medium_specific
disappointment_with_product_quality,7,"The user has a strong preference for concert DVDs, often rating them highly and expressing enjoyment of the performances.",0.7857142857142857,3,4,0.4036352,sensory_preference,medium_specific
disappointment_with_star_performances,1,"The user is often disappointed when star actors do not meet expectations in their performances, particularly in musical roles.",0.8,1,0,0.33123592,sensory_preference,medium_specific
disappointment_with_weak_female_characters,1,"The user expresses disappointment when female characters lack emotional depth or development, impacting their overall enjoyment of the film.",0.8,1,0,0.39399612,emotional_resonance,medium_specific
disaster_movie_enthusiast,1,"The user has a strong preference for disaster movies, often expressing excitement and enjoyment for this genre.",0.9,0,1,0.45618552,sensory_preference,medium_specific
discontent_with_auto_downloads,1,"The user expresses dissatisfaction with automatic downloads of content they have no interest in, indicating a desire for more control over their device.",1.0,1,0,0.26129925,genre_preference,surface
discontent_with_average_storylines,1,"The user shows dissatisfaction with storylines that are perceived as average or less intelligent, indicating a preference for more engaging plots.",0.8,1,0,0.5599071,narrative_complexity,cdr_relevant
discontent_with_dvd_pricing_strategies,1,"The user expresses frustration with the pricing strategies of DVD releases, particularly when they feel it exploits consumers.",0.9,1,0,0.3309617,brand_loyalty,medium_specific
discontent_with_series,1,"The user expresses frustration with television series that do not conclude satisfactorily, indicating a preference for complete narratives.",0.8,1,0,0.48908928,narrative_complexity,medium_specific
disdain_for_modern_filmmaking,1,"The user expresses a strong dislike for contemporary films, often criticizing their lack of creativity and reliance on violence or special effects.",0.95,1,0,0.43683833,genre_preference,medium_specific
disdain_for_modern_reinterpretations,1,"The user shows a clear disdain for modern reinterpretations of classic stories, particularly those that they feel misrepresent historical truths.",0.75,1,0,0.3429897,narrative_complexity,surface
dislike_for_adultery_themes,1,"The user dislikes movies that portray themes of infidelity, feeling they lack moral value.",0.9,1,0,0.4949019,genre_preference,medium_specific
dislike_for_amateurish_production,1,The user has a strong aversion to productions that feel amateurish or poorly executed.,0.8,1,0,0.4151274,quality_sensitivity,surface
dislike_for_art_house_style,1,"The user has a strong aversion to films that are categorized as art house or non-sensical, indicating a preference for more conventional storytelling.",0.95,1,0,0.47228122,genre_preference,medium_specific
dislike_for_b_movies,1,The user has a strong aversion to low-quality films often labeled as 'B movies'.,0.95,1,0,0.4907202,genre_preference,medium_specific
dislike_for_boring_content,8,"The user expresses a clear dislike for movies that they find boring or repetitive, often turning them off.",0.875,8,0,0.5178945,genre_preference,medium_specific
dislike_for_cartoonish_characters,1,"The user dislikes characters that are overly cartoonish or lack depth, indicating a preference for more nuanced character development.",0.8,1,0,0.3971482,narrative_complexity,surface
dislike_for_deceptive_content,1,"The user expresses strong disapproval of content they perceive as misleading or deceptive, particularly in relation to religious themes.",0.85,1,0,0.35714263,genre_preference,surface
dislike_for_derivative_narratives,1,"The user expresses a strong aversion to films that feel derivative or unoriginal, preferring unique storytelling.",0.8,1,0,0.5189934,genre_preference,medium_specific
dislike_for_excessive_darkness,1,"The user dislikes films and shows that are excessively dark or weird, indicating a preference for lighter content.",0.85,1,0,0.49676335,genre_preference,medium_specific
dislike_for_excessive_exposition,1,"The user finds excessive exposition and backstory in character development to be a flaw, preferring more organic storytelling.",0.75,1,0,0.59529465,narrative_complexity,cdr_relevant
dislike_for_excessive_manifesto_style,1,The user expresses a dislike for films that focus too heavily on manifesto-style narratives rather than artistic expression.,0.7,1,0,0.5129214,genre_preference,medium_specific
dislike_for_excessive_profanity,3,The user dislikes films that are gritty and disturbing without providing a sense of fun or enjoyment.,0.7999999999999999,3,0,0.43809772,genre_preference,medium_specific
dislike_for_excessive_sappiness,1,"The user tends to dislike films that are overly sentimental or sappy, preferring narratives with more substance.",0.75,1,0,0.58438355,genre_preference,medium_specific
dislike_for_excessive_staging,1,"The user dislikes performances that overly dramatize or commercialize music, particularly when it detracts from the original art form.",0.85,1,0,0.46589875,genre_preference,medium_specific
dislike_for_excessive_talking_in_shows,1,The user dislikes shows that feature excessive talking or discussions over action.,0.85,1,0,0.3249951,pacing_preference,surface
dislike_for_heavy_handed_political_comedy,1,"The user is critical of comedies that are overly political or lack nuance, preferring humor that is more balanced.",0.85,1,0,0.38435164,genre_preference,surface
dislike_for_incomplete_adaptations,1,"The user prefers adaptations that stay true to their source material, expressing frustration when films do not adequately cover the story.",0.65,1,0,0.48515967,narrative_complexity,medium_specific
dislike_for_kid_content,1,The user has a strong aversion to children's programming and expresses frustration over unwanted recommendations of such content.,1.0,1,0,0.37625176,genre_preference,meta
dislike_for_modern_filmmaking,1,"The user expresses a clear aversion to modern films, often criticizing them for containing unnecessary elements and lacking substance.",0.85,1,0,0.46735984,genre_preference,medium_specific
dislike_for_political_correctness,1,The user expresses frustration with perceived political correctness or 'wokeness' in films.,0.75,1,0,0.3408398,emotional_resonance,medium_specific
dislike_for_political_propaganda,1,"The user dislikes films that come off as political propaganda, especially when it overshadows the entertainment value.",0.8,1,0,0.47969154,genre_preference,medium_specific
dislike_for_poor_direction,1,"The user expresses strong dissatisfaction with films that suffer from poor direction, particularly when it affects pacing and emotional engagement.",0.9,1,0,0.46202788,genre_preference,medium_specific
dislike_for_poor_execution,11,"The user is critical of films that suffer from poor production quality, such as bad transfers or cheap sets, which detracts from their enjoyment.",0.8818181818181817,11,0,0.46261692,quality_sensitivity,medium_specific
dislike_for_repetitive_humor,1,The user expresses a dislike for films that rely on repetitive gags or lack originality in their humor.,0.65,1,0,0.3715889,genre_preference,medium_specific
dislike_for_repetitive_narratives,1,"The user dislikes shows that rely on repetitive storylines, finding them boring.",0.8,1,0,0.5905905,narrative_complexity,cdr_relevant
dislike_for_rushed_storytelling,1,The user shows a clear aversion to movies that feel rushed or lack coherent storytelling.,0.85,1,0,0.6620784,pacing_preference,medium_specific
dislike_for_shallow_representation,1,"The user strongly dislikes films that portray social groups in a shallow or negative light, indicating a preference for depth in character representation.",0.9,1,0,0.4803921,genre_preference,medium_specific
dislike_for_torture_scenes,1,The user explicitly dislikes graphic depictions of torture or suffering in films.,0.8,1,0,0.44625127,sensory_preference,medium_specific
dislike_for_virtue_signaling,1,"The user expresses strong discontent for narratives that prioritize virtue signaling over storytelling, indicating a preference for more authentic and engaging plots.",0.9,1,0,0.47978744,pacing_preference,surface
dislike_for_young_adult_content,1,"The user expresses a clear disinterest in content aimed at younger audiences, suggesting it may not resonate with them.",0.9,1,0,0.38200712,genre_preference,surface
disney_affinity,1,"The user shows a strong preference for Disney movies, often rating them highly and expressing enjoyment.",0.9,0,1,0.47999954,sensory_preference,medium_specific
documentary_preference,1,The user has a strong inclination towards documentaries that address real-world issues and provoke thought.,0.9,0,1,0.4833417,sensory_preference,medium_specific
documentary_quality_expectation,1,"The user has a strong preference for documentaries that are well-crafted and engaging, showing disappointment in those that fail to meet these standards.",0.9,0,0,0.43809867,sensory_preference,medium_specific
emotional_investment,1,The user seeks shows that evoke strong emotional responses and create a connection with the characters.,0.8,0,1,0.69515777,emotional_resonance,cdr_relevant
emotional_resonance,14,"The user appreciates films that evoke strong emotions, whether through sadness or empathy, particularly regarding social issues.",0.8571428571428571,0,13,0.81574976,emotional_resonance,medium_specific
emotional_resonance_preference,1,"The user is drawn to films and operas that evoke strong emotional responses, appreciating passionate performances and storytelling.",0.9,0,1,0.74394405,emotional_resonance,medium_specific
emotional_resonance_value,1,"The user values films that evoke strong emotional responses, particularly those that explore themes of shame, redemption, and personal growth.",0.85,0,1,0.7666911,emotional_resonance,medium_specific
emotional_resonance_with_music,1,"The user connects deeply with the musical scores of films, often highlighting how music enhances the emotional experience.",0.9,0,1,0.737484,emotional_resonance,medium_specific
enjoyment_of_action_movies,1,"The user enjoys action-packed films, suggesting a preference for high-energy entertainment.",0.8,0,1,0.59100616,sensory_preference,medium_specific
enjoyment_of_alternate_history,1,"The user finds fun in movies that explore alternate histories, appreciating well-written and acted narratives.",0.8,0,1,0.43745726,narrative_complexity,medium_specific
enjoyment_of_campy_humor,1,The user enjoys campy humor and finds entertainment in films that embrace absurdity and over-the-top scenarios.,0.8,0,1,0.4692052,sensory_preference,medium_specific
enjoyment_of_dark_humor,1,The user appreciates shows that incorporate dark humor and unconventional endings.,0.9,0,1,0.41530675,emotional_resonance,surface
enjoyment_of_familiar_genres,1,"The user enjoys familiar genres, such as action and comedy, particularly when they are executed well.",0.85,0,1,0.5683625,genre_preference,cdr_relevant
enjoyment_of_humor,1,"The user enjoys humor, especially when it is understated or character-driven.",0.85,0,1,0.45059654,pacing_preference,surface
enjoyment_of_intense_and_moving_stories,1,"The user appreciates films that are intense and emotionally impactful, often highlighting strong performances.",0.9,0,1,0.49671143,sensory_preference,medium_specific
enjoyment_of_mysteries,1,"The user enjoys mystery genres, particularly those with complex plots and unexpected twists.",0.9,0,1,0.4986924,genre_preference,surface
enjoyment_of_surreal_humor,1,"The user enjoys surreal and absurd humor, particularly in the context of classic films.",0.65,0,1,0.45413435,sensory_preference,medium_specific
enjoyment_of_unpredictable_plots,1,"The user enjoys stories that maintain an element of surprise and unpredictability, keeping them engaged until the end.",0.85,0,1,0.58980864,narrative_complexity,cdr_relevant
enjoyment_of_vintage_scary_movies,1,"The user enjoys vintage horror and scary movies, often finding them entertaining despite their age and sometimes silly content.",0.7,0,1,0.39706653,sensory_preference,medium_specific
enthusiasm_for_binge_watching,2,The user enjoys binge-watching series and recommends sharing them with friends for collective viewing experiences.,0.8500000000000001,0,2,0.3475001,sensory_preference,medium_specific
enthusiasm_for_dc_universe,1,"The user shows a strong preference for DC-related content, particularly when it is interconnected with other series.",0.9,0,1,0.34465444,genre_preference,surface
enthusiasm_for_new_content,1,The user shows excitement for new releases and is eager to see more of the content they enjoy.,0.8,0,1,0.36070824,emotional_resonance,surface
enthusiasm_for_red_green_show,1,"The user exhibits a particular fondness for the Red Green Show and its related content, indicating a strong loyalty to this series.",0.9,0,1,0.42442292,brand_loyalty,surface
enthusiasm_for_series,1,"The user expresses a strong enthusiasm for TV series, often rating them highly.",0.95,0,1,0.4059669,brand_loyalty,meta
enthusiasm_for_specific_artists,1,"The user shows a strong loyalty and enthusiasm for specific artists, often highlighting their performances as exceptional.",0.9,0,1,0.4379584,emotional_resonance,medium_specific
era_interest,1,"The user shows a strong interest in specific historical eras, which enhances their enjoyment of related content.",0.75,0,1,0.3718933,emotional_resonance,surface
family_friendly_content,38,"The user values films that can be enjoyed by family members of various ages, as indicated by their reviews about classic movies loved by their elderly parents.",0.8435897435897436,1,37,0.37226772,genre_preference,medium_specific
favorable_comparison_to_network_tv,1,"The user prefers content that is perceived as superior to network television, suggesting a desire for higher quality programming.",0.65,0,1,0.43671358,sensory_preference,surface
favoring_blu_ray_releases,1,"The user enjoys films that are available in Blu Ray, often noting the improved quality and experience.",0.85,0,1,0.35359812,sensory_preference,medium_specific
favoring_directing_and_acting_quality,1,"The user places significant importance on the quality of directing and acting, often highlighting these aspects in their positive reviews.",0.8,0,1,0.43076593,quality_sensitivity,medium_specific
favoring_familiar_voice_actors,1,"The user shows a preference for familiar voice actors in animated films, particularly those they associate with iconic characters.",0.85,0,0,0.32726365,genre_preference,medium_specific
favoring_timely_subjects,1,The user appreciates films that handle sensitive or timely subjects effectively.,0.7,0,1,0.42181006,sensory_preference,medium_specific
feel_good_movies_preference,1,"The user enjoys feel-good movies that provide a positive viewing experience, often watching them with a partner.",0.9,0,1,0.52924764,sensory_preference,medium_specific
fondness_for_broadway_influence,1,"The user expresses a fondness for films that showcase Broadway talent and musical numbers, often comparing them favorably to modern productions.",0.85,0,1,0.42654073,genre_preference,medium_specific
fondness_for_campy_horror,1,The user has a preference for campy and classic horror films that provide a fun viewing experience.,0.8,0,1,0.39357996,sensory_preference,medium_specific
fondness_for_character_driven_stories,4,The user appreciates films that focus on character development and engaging performances.,0.8125,0,4,0.5315194,narrative_complexity,medium_specific
fondness_for_emotional_storytelling,1,"The user appreciates movies and shows that evoke strong emotions, often highlighting their impact on viewers.",0.8,0,1,0.62133145,emotional_resonance,medium_specific
fondness_for_intellectual_challenges,1,"The user enjoys films that are intellectually stimulating and provoke thought, often appreciating complex themes.",0.9,0,1,0.45197967,genre_preference,medium_specific
fondness_for_murder_mysteries,1,"The user frequently enjoys murder mystery films, especially those from the 1940s, indicating a specific interest in this genre.",0.85,0,1,0.46543783,genre_preference,medium_specific
fondness_for_musicals_and_dance,1,"The user enjoys classic musicals and dance films, appreciating their escapism and cultural significance.",0.85,0,1,0.39980048,sensory_preference,medium_specific
fondness_for_scary_movies,1,"The user expresses a clear preference for scary movies, indicating they enjoy the thrill and suspense.",0.85,0,1,0.46961638,sensory_preference,medium_specific
fondness_for_screwball_comedy,1,"The user enjoys screwball comedies that blend humor with absurd situations, often highlighting character interactions.",0.85,0,1,0.29987603,pacing_preference,surface
fondness_for_veteran_actors,1,"The user appreciates performances by veteran actors, often noting their ability to bring depth and authenticity to their roles.",0.8,0,1,0.39477798,brand_loyalty,medium_specific
food_integration,1,"The user enjoys movies that incorporate food themes, suggesting a preference for films that evoke sensory experiences.",0.6,0,1,0.5369586,sensory_preference,medium_specific
franchise_loyalty,2,"The user shows loyalty to certain franchises, often comparing new entries to previous ones and expressing preferences.",0.8500000000000001,0,2,0.69576246,brand_loyalty,medium_specific
frequent_use_of_simple_language,1,"The user tends to use straightforward language in their reviews, often opting for simple descriptors.",0.75,0,0,0.2981605,narrative_complexity,surface
frustration_with_cast_changes,1,"The user expresses dissatisfaction with changes in the cast of reality shows, particularly when they feel the new cast lacks authenticity or entertainment value.",0.85,1,0,0.36355868,quality_sensitivity,medium_specific
frustration_with_inaccurate_advertising,1,"The user frequently expresses frustration over products that do not meet advertised specifications, particularly regarding audio quality.",0.8,1,0,0.4290917,quality_sensitivity,medium_specific
frustration_with_inconsistencies,1,"The user is frustrated by plot inconsistencies and logical gaps, which detract from their viewing experience.",0.9,1,0,0.5008593,narrative_complexity,cdr_relevant
frustration_with_recommendation_algorithm,1,The user frequently criticizes the recommendation system for suggesting irrelevant content that does not align with their interests.,1.0,1,0,0.36943576,genre_preference,meta
general_movie_enjoyment,1,"The user enjoys a wide range of movies, often stating simple affirmations of liking or loving them.",0.9,0,1,0.50897676,sensory_preference,medium_specific
general_positive_sentiment,2,"The user frequently expresses a general positive sentiment towards the products they review, often using the word 'good'.",0.925,0,2,0.457993,brand_loyalty,surface
genre_diversity,5,"The user shows a preference for content that blends different genres, such as action with humor or drama with family themes.",0.78,0,5,0.69858956,genre_preference,cdr_relevant
gift_for_mom,3,"The user frequently purchases movies as gifts for their mother, indicating a strong preference for family-oriented viewing experiences.",0.9333333333333332,0,3,0.33186728,sensory_preference,medium_specific
government_critique,1,The user shows a tendency to appreciate films and documentaries that critique government actions and misconduct.,0.85,0,1,0.2927239,genre_preference,medium_specific
hallmark_channel_fan,1,"The user enjoys movies from the Hallmark channel, particularly appreciating the acting and emotional storytelling.",0.85,0,1,0.37419176,brand_loyalty,medium_specific
high_appreciation_for_excellence,1,"The user shows a strong preference for content they perceive as excellent, frequently giving top ratings.",0.9,0,1,0.4437173,quality_sensitivity,meta
high_cast_quality,3,"The user places a strong emphasis on the quality of the cast in their reviews, often highlighting it as a key factor in their enjoyment of shows and movies.",0.8666666666666667,0,3,0.46808898,quality_sensitivity,medium_specific
high_excitement_for_movies,1,"The user expresses high enthusiasm and excitement for movies, often using exclamation marks and superlatives.",0.8,0,1,0.38762796,sensory_preference,medium_specific
high_expectations_for_horror,2,"The user has high expectations for horror films, often expressing disappointment when they do not meet genre standards.",0.825,2,0,0.47294125,genre_preference,medium_specific
high_expectations_for_quality,4,"The user has high expectations for film quality, often expressing disappointment with movies that do not meet their standards for storytelling and production.",0.8625,4,0,0.5259537,quality_sensitivity,medium_specific
high_expectations_for_reboots,1,"The user has high expectations for reboots and sequels, often comparing them unfavorably to original works.",0.8,0,0,0.35506272,narrative_complexity,medium_specific
high_picture_sound_quality,1,"The user values high picture and sound quality in their viewing experience, often highlighting it in their reviews.",0.85,0,1,0.515878,sensory_preference,cdr_relevant
high_quality_production,8,"The user values high-quality sound in films, particularly in home theater settings, and often comments on audio quality.",0.825,0,7,0.45291054,sensory_preference,medium_specific
high_quality_spy_content,1,"The user has a strong preference for high-quality spy movies and shows, appreciating their complexity and production value.",0.9,0,1,0.3912936,sensory_preference,medium_specific
high_quality_writing,1,The user appreciates well-written narratives with strong character development.,0.9,0,1,0.5808532,narrative_complexity,cdr_relevant
high_rating_consistency,6,"The user consistently rates movies highly, indicating a preference for quality content.",0.9249999999999999,0,6,0.4717766,quality_sensitivity,medium_specific
high_rating_for_alien_movies,1,"The user consistently rates alien-themed movies highly, suggesting a strong preference for this sub-genre.",0.9,0,1,0.5479167,genre_preference,medium_specific
high_rating_for_cuteness,1,"The user tends to rate shows and movies highly when they feature cute or heartwarming elements, indicating a preference for lighthearted content.",0.9,0,1,0.3640554,sensory_preference,medium_specific
high_rating_for_inspiring_stories,1,The user shows a strong preference for movies that are described as inspiring or uplifting.,0.8,0,1,0.39666188,genre_preference,medium_specific
high_recommendation,12,"The user frequently recommends the films and series they enjoy, indicating a strong enthusiasm for sharing their favorites.",0.8730769230769231,0,13,0.4722659,genre_preference,medium_specific
high_rewatch_value,11,The user enjoys films and shows that are engaging enough to warrant multiple viewings.,0.8409090909090909,1,10,0.46836632,sensory_preference,medium_specific
high_standards_for_production_quality,1,The user values high production quality and well-executed scripts in their viewing experiences.,0.85,0,1,0.5402795,quality_sensitivity,cdr_relevant
high_value_on_writing_and_direction,1,"The user values well-written and directed content, indicating a preference for quality storytelling.",0.75,0,1,0.54542375,pacing_preference,cdr_relevant
historical_accuracy_in_westerns,3,"The user values historical accuracy in western films, often critiquing those that misrepresent events or characters from the American frontier.",0.85,1,1,0.34588066,quality_sensitivity,medium_specific
historical_context_appreciation,10,The user shows a keen interest in films that provide historical context or depict specific eras authentically.,0.785,0,10,0.37230352,emotional_resonance,medium_specific
historical_engagement,1,"The user enjoys series that provide a deep dive into historical settings and characters, often feeling immersed in the time period.",0.9,0,1,0.34926173,narrative_complexity,surface
holiday_movie_appreciation,1,"The user enjoys movies that are themed around holidays, particularly Thanksgiving and Christmas.",0.7,0,1,0.31362563,genre_preference,medium_specific
horror_enthusiast,1,"The user has a strong preference for horror films, often praising them as some of the best in the genre.",0.9,0,1,0.5619197,genre_preference,medium_specific
humor_appreciation,17,"The user appreciates humor in films, particularly when it is woven into the narrative and character interactions.",0.7941176470588235,0,16,0.42292935,sensory_preference,medium_specific
humor_value,1,"The user enjoys series that incorporate humor, often looking for shows that provide laughs.",0.8,0,1,0.34237146,emotional_resonance,surface
informative_content_preference,1,"The user appreciates content that is informative and educational, suggesting a preference for learning through media.",0.8,0,1,0.5363564,sensory_preference,cdr_relevant
inspirational_content,1,The user values films that provide inspiration and convey uplifting messages.,0.85,0,1,0.5322107,emotional_resonance,medium_specific
inspirational_pet_stories,1,The user is drawn to heartwarming narratives that showcase the bond between pets and their owners overcoming challenges.,0.8,0,1,0.32895312,emotional_resonance,surface
intelligent_analysis_preference,1,"The user appreciates films that offer intelligent and thoughtful analysis of political or social issues, particularly from a conservative perspective.",0.75,0,1,0.4417258,genre_preference,medium_specific
interest_in_based_on_true_story,1,"The user enjoys films that are based on true stories, especially those that highlight historical events or figures.",0.85,0,1,0.44565177,narrative_complexity,medium_specific
interest_in_character_development,4,"The user appreciates well-developed characters and strong performances, often highlighting acting quality in their reviews.",0.8125,0,4,0.4354256,narrative_complexity,medium_specific
interest_in_christian_themes,3,The user shows a preference for films that incorporate Christian themes and messages.,0.7833333333333333,0,3,0.43781638,genre_preference,medium_specific
interest_in_creative_process,1,The user shows a preference for stories that delve into the creative process and personal struggles of artists.,0.75,0,1,0.47070694,pacing_preference,surface
interest_in_educational_content,1,The user enjoys movies that provide educational value or insight into specific subjects.,0.8,0,1,0.42759502,genre_preference,medium_specific
interest_in_psychological_themes,1,"The user is drawn to films that explore psychological themes, often using them in educational contexts.",0.85,0,1,0.44103062,emotional_resonance,medium_specific
interest_in_real_life_stories,1,"The user shows a preference for films based on true events or that reflect real-life situations, finding them more impactful.",0.75,0,1,0.45990023,narrative_complexity,medium_specific
interest_in_social_issues,1,"The user is drawn to films that explore social issues, particularly those related to women's experiences.",0.8,0,1,0.3971387,genre_preference,medium_specific
interest_in_space_movies,1,"The user shows a consistent interest in vintage space-themed movies, often finding them enjoyable regardless of their quality.",0.75,0,1,0.40982825,genre_preference,medium_specific
interest_in_suspense_and_intrigue,10,"The user enjoys films that incorporate suspense and intrigue, appreciating twists and engaging narratives.",0.8400000000000001,0,10,0.45477098,sensory_preference,medium_specific
interest_in_voice_over_commentaries,1,The user appreciates additional content such as voice-over commentaries that enhance the viewing experience.,0.7,0,1,0.3820683,emotional_resonance,surface
interest_in_youth_culture,1,"The user is engaged with content that resonates with younger audiences, often watching alongside their children.",0.75,0,0,0.41683936,emotional_resonance,surface
kevin_costner_appreciation,1,"The user has a strong preference for movies featuring Kevin Costner, often highlighting his performances positively.",0.9,0,1,0.40259755,sensory_preference,medium_specific
law_and_order_affinity,1,"The user has a strong preference for the 'Law & Order' franchise, indicating a commitment to collecting all related DVDs.",0.9,0,1,0.26875526,genre_preference,medium_specific
lighthearted_comedy_preference,1,"The user enjoys lighthearted and humorous content, particularly in animated series.",0.85,0,1,0.4255386,pacing_preference,surface
lighthearted_entertainment,3,"The user enjoys lighthearted and fun films, suggesting a preference for content that is entertaining without being overly serious.",0.8166666666666668,0,3,0.49322033,sensory_preference,medium_specific
liking_for_comedic_elements,1,"The user enjoys shows that incorporate humor, often highlighting their comedic aspects.",0.9,0,1,0.35278413,sensory_preference,surface
loyalty_to_favorite_actors,1,"The user demonstrates a strong loyalty to specific actors, often choosing to watch their films regardless of other factors.",0.9,0,1,0.66980267,brand_loyalty,medium_specific
mixed_expectations,2,"The user occasionally has mixed feelings about certain films, indicating that not all movies meet their expectations.",0.6,0,0,0.4040372,genre_preference,medium_specific
mixed_experience,1,"The user has mixed feelings about certain series, indicating that not all shows meet their expectations.",0.7,0,0,0.39103845,emotional_resonance,surface
mixed_experience_with_3d,1,"The user has a nuanced view of 3D movies, appreciating them but noting that some do not meet expectations.",0.7,0,0,0.45345315,sensory_preference,medium_specific
mixed_experience_with_dvds,1,"The user has had a mixed experience with DVDs, expressing frustration with some that were unplayable while also enjoying others.",0.8,1,0,0.41986325,sensory_preference,medium_specific
mixed_feelings_about_musicals,1,"The user has a nuanced view of musicals, appreciating the talent but feeling that they can sometimes overdo certain elements like singing.",0.7,0,0,0.36457083,genre_preference,medium_specific
mixed_feelings_about_reality_tv,1,"The user has a complex relationship with reality TV, enjoying some aspects while being critical of others, particularly regarding authenticity and entertainment value.",0.75,0,0,0.4219949,emotional_resonance,surface
mixed_feelings_on_animation_styles,1,"The user has mixed feelings about animation styles, appreciating creativity but critiquing execution.",0.75,0,0,0.44451278,pacing_preference,surface
mixed_feelings_on_auteur_films,3,"The user expresses a preference for films by specific directors known for their unique styles, such as David Lynch.",0.75,0,2,0.44017506,sensory_preference,medium_specific
mixed_feelings_on_auteur_styles,1,"The user has mixed feelings about auteur styles, appreciating the uniqueness but sometimes finding them lacking in coherence.",0.7,0,0,0.34613883,emotional_resonance,surface
mixed_feelings_on_b_movies,1,"The user has a complex relationship with B movies, sometimes enjoying them but often expressing disappointment.",0.7,0,0,0.39298856,genre_preference,medium_specific
mixed_feelings_on_dc_movies,1,"The user has a complex relationship with DC animated movies, often expressing both love and disappointment.",0.8,0,0,0.37442505,emotional_resonance,medium_specific
mixed_feelings_on_documentaries,4,"The user has a nuanced view on documentaries, appreciating the information but desiring more engaging elements.",0.775,0,1,0.46235806,sensory_preference,medium_specific
mixed_feelings_on_ending,1,"The user often has mixed feelings about movie endings, sometimes finding them unsatisfactory or not what they hoped for.",0.7,0,0,0.34122777,emotional_resonance,medium_specific
mixed_feelings_on_execution,1,"The user expresses mixed feelings about the execution of certain films, indicating that while the premise may be strong, the delivery can fall short.",0.7,0,0,0.37167007,emotional_resonance,medium_specific
mixed_feelings_on_final_seasons,1,"The user expresses mixed feelings about the final seasons of long-running shows, acknowledging both flaws and redeeming qualities.",0.75,0,0,0.34479612,emotional_resonance,medium_specific
mixed_feelings_on_franchises,1,"The user has mixed feelings about film franchises, expressing disappointment when they feel a series has overstayed its welcome.",0.75,0,0,0.42258775,brand_loyalty,medium_specific
mixed_feelings_on_long_series,1,"The user has mixed feelings about long-running series, often feeling that they lose quality over time.",0.7,0,0,0.3775829,pacing_preference,surface
mixed_feelings_on_music,1,"The user expresses a dislike for over-hyped music in shows, indicating a preference for more subtle soundtracks.",0.8,1,0,0.52505696,genre_preference,medium_specific
mixed_feelings_on_plot_development,1,"The user expresses mixed feelings about plot development, sometimes finding it compelling yet lacking depth.",0.75,0,0,0.5631918,narrative_complexity,cdr_relevant
mixed_feelings_on_predictability,2,"The user has mixed feelings about predictability in films, sometimes enjoying them despite their predictable nature.",0.7,0,0,0.4111128,genre_preference,medium_specific
mixed_feelings_on_reboots,1,"The user has mixed feelings about reboots, often recognizing potential but also expressing disappointment in execution.",0.75,0,0,0.31848675,emotional_resonance,surface
mixed_feelings_on_remakes,9,"The user expresses ambivalence towards modern adaptations or versions of classic stories, often preferring the originals.",0.7333333333333333,2,0,0.37188822,narrative_complexity,medium_specific
mixed_feelings_on_romantic_narratives,1,"The user has mixed feelings about romantic stories, sometimes finding them cliche or lacking depth.",0.7,0,0,0.49375302,narrative_complexity,surface
mixed_feelings_on_scripted_content,1,"The user has mixed feelings about shows that feel overly scripted, indicating a preference for more natural and entertaining content.",0.7,0,0,0.424464,pacing_preference,surface
mixed_feelings_on_sequels,8,"The user shows skepticism towards sequels, often feeling they do not live up to the originals.",0.7374999999999999,3,0,0.34641293,narrative_complexity,medium_specific
mixed_feelings_on_series_continuations,1,"The user has mixed feelings about series that continue established franchises, often feeling disappointed if they do not meet expectations.",0.7,0,0,0.34779227,narrative_complexity,medium_specific
mixed_feelings_on_story_quality,1,"The user expresses a mix of appreciation and disappointment regarding the quality of stories, often finding them forgettable or lacking depth.",0.8,0,0,0.5522858,narrative_complexity,cdr_relevant
mixed_feelings_on_violence,1,"The user enjoys engaging stories but has mixed feelings about violence, often noting it as excessive.",0.8,0,0,0.42602772,pacing_preference,surface
mixed_rating_tolerance,2,"The user is willing to give a mixed rating (3.0) while still acknowledging the movie as 'great', indicating a nuanced view.",0.675,0,0,0.472112,quality_sensitivity,medium_specific
mixed_reaction_to_average_content,5,"The user often expresses a neutral or mixed opinion towards average-rated content, indicating a lack of strong feelings.",0.7083333333333334,2,0,0.44880313,emotional_resonance,surface
mixed_reaction_to_cinematography,1,"The user has mixed feelings about cinematography, sometimes appreciating it while at other times feeling it falls short of expectations.",0.75,0,0,0.50053775,sensory_preference,medium_specific
mixed_reaction_to_comedy,1,"The user has a mixed reaction to comedic films, enjoying some while being critical of others.",0.75,0,0,0.3797313,sensory_preference,medium_specific
mixed_reaction_to_complex_narratives,1,"The user has a neutral to positive reaction towards movies with complex or artistic narratives, though they may not always find them engaging.",0.7,0,0,0.57208526,narrative_complexity,medium_specific
mixed_reaction_to_complexity,2,The user shows a mixed reaction to films that present complex or challenging themes.,0.725,0,0,0.55138797,narrative_complexity,medium_specific
mixed_reaction_to_dubbing,1,"The user has a negative experience with dubbed content, which affects their overall enjoyment.",0.75,1,0,0.37167147,emotional_resonance,surface
mixed_reaction_to_fantasy,1,"The user shows a mixed reaction towards fantasy elements, sometimes enjoying them but also feeling they can be overdone.",0.7,0,0,0.4501773,emotional_resonance,surface
mixed_reaction_to_monster_reveal,1,"The user has a mixed reaction to movies that delay the reveal of the monster or creature, sometimes appreciating the buildup and other times expressing disappointment.",0.75,0,0,0.31862947,pacing_preference,medium_specific
mixed_reaction_to_new_releases,1,"The user has a mixed reaction to new releases, sometimes finding them lacking in originality or quality compared to older films.",0.75,0,0,0.35279092,quality_sensitivity,medium_specific
mixed_reaction_to_pacing,5,"The user has a mixed response to movie pacing, sometimes enjoying slower films if they develop interesting plots, but also expressing frustration with films that drag.",0.73,0,0,0.6681069,pacing_preference,medium_specific
mixed_reaction_to_science_fiction,7,"The user shows a preference for science fiction elements in films, appreciating them even when the overall film may not be strong.",0.7999999999999999,0,6,0.6220051,genre_preference,medium_specific
mixed_reaction_to_subtitles,6,"The user values subtitles in foreign films, indicating a preference for accessibility in viewing experiences.",0.7416666666666667,2,2,0.401851,sensory_preference,medium_specific
mixed_reaction_to_teen_movies,1,"The user has a mixed reaction to teen-oriented films, acknowledging their entertainment value while not fully endorsing them.",0.7,0,0,0.42345476,genre_preference,medium_specific
mixed_reactions_to_bizarre_humor,1,"The user has a mixed reaction to bizarre humor, enjoying it in some contexts but finding it off-putting in others.",0.8,0,0,0.29753584,emotional_resonance,surface
mixed_reactions_to_complex_narratives,1,"The user has mixed feelings about movies with complex narratives, sometimes finding them enlightening but also confusing.",0.7,0,0,0.61146873,narrative_complexity,medium_specific
mixed_reception_tolerance,1,"The user is open to enjoying films that receive mixed or negative critical reviews, often valuing personal opinion over critics.",0.8,0,1,0.54219806,genre_preference,medium_specific
mixed_review_tolerance,1,"The user shows a willingness to give a neutral rating (3.0) despite a strong overall positive sentiment, suggesting a nuanced view.",0.7,0,0,0.4727254,quality_sensitivity,meta
music_quality_appreciation,1,"The user has a strong preference for high-quality music performances and presentations, often praising the artistry involved.",0.9,0,1,0.46742022,quality_sensitivity,medium_specific
musical_appreciation,2,"The user appreciates musical elements in movies, often highlighting specific songs or musical scenes they enjoy.",0.825,0,2,0.48933852,sensory_preference,medium_specific
musical_elements_enjoyment,1,"The user enjoys films with musical elements, often mentioning songs and their enjoyment of singing along.",0.75,0,1,0.53603935,sensory_preference,medium_specific
narrative_complexity,1,The user enjoys films with intricate plots and complex narratives that keep them engaged.,0.8,0,1,0.8027683,narrative_complexity,medium_specific
narrative_pacing_issues,5,"The user is sensitive to the pacing of narratives, expressing dissatisfaction when films feel slow or drag.",0.79,4,0,0.7453334,pacing_preference,medium_specific
narrative_predictability_dislike,4,"The user expresses dissatisfaction with films that are predictable, indicating a desire for more complex or surprising narratives.",0.8,4,0,0.56641626,narrative_complexity,medium_specific
narrative_quality,1,"The user appreciates strong narratives and storytelling in the series they watch, often mentioning the writing quality.",0.8,0,1,0.68101037,narrative_complexity,cdr_relevant
narrative_simplicity,5,"The user enjoys shows that offer depth and complexity, often reflecting on their thought-provoking nature.",0.8300000000000001,2,2,0.7258961,narrative_complexity,cdr_relevant
nostalgia_disappointment,1,"The user is often disappointed when revisiting films or shows from their childhood, finding that they do not hold up to adult scrutiny.",0.85,1,0,0.353104,genre_preference,medium_specific
nostalgia_for_original_casts,1,"The user shows a longing for the original casts of reality shows, suggesting that they value the dynamics and authenticity of earlier seasons.",0.8,1,0,0.34544086,emotional_resonance,medium_specific
nostalgic_auteur_loyalty,1,"The user shows loyalty to specific creators and styles, particularly those that evoke nostalgia, as seen in their appreciation for certain actors and shows.",0.75,0,1,0.60944927,brand_loyalty,medium_specific
nostalgic_preference,46,"The user has a strong preference for classic films, often referring to them as timeless and vital.",0.8309090909090909,1,54,0.4536327,genre_preference,medium_specific
operatic_affection,1,"The user has a strong preference for operatic performances and adaptations, often praising their emotional depth and production quality.",0.9,0,1,0.43637508,emotional_resonance,medium_specific
overall_positive_sentiment,2,"The user generally expresses a positive sentiment towards the majority of the content they review, with very few negative remarks.",0.975,0,2,0.40026125,genre_preference,surface
pacing_importance,1,"The user places significant importance on pacing, indicating that it can greatly affect their overall enjoyment of a movie or show.",0.85,0,1,0.6121061,pacing_preference,medium_specific
packaging_importance,2,"The user emphasizes the importance of receiving movies in good condition, highlighting the quality of packaging.",0.85,0,3,0.37732655,sensory_preference,medium_specific
performer_chemistry_appreciation,3,"The user values strong chemistry between characters, which enhances their enjoyment of a film.",0.7666666666666666,0,3,0.49542338,sensory_preference,medium_specific
pixar_mixed_feelings,1,"The user has a mixed opinion about Pixar films, indicating that while some are enjoyable, others do not resonate as well.",0.8,0,0,0.43072397,genre_preference,medium_specific
plot_absurdity_aversion,3,The user dislikes movies with confusing or poorly structured plots that detract from the viewing experience.,0.8833333333333333,3,0,0.51291764,narrative_complexity,medium_specific
plot_coherence_expectation,1,The user is critical of films that lack logical coherence or have implausible plot developments.,0.85,1,0,0.5078589,narrative_complexity,medium_specific
political_and_social_commentary,1,"The user often infuses their reviews with political and social commentary, particularly regarding American history and its portrayal in films.",0.8,0,0,0.38546264,genre_preference,medium_specific
positive_reaction_to_female_leads,3,The user shows a preference for films and shows featuring strong performances by women actors.,0.7333333333333334,0,3,0.3920896,genre_preference,medium_specific
positive_reinforcement,1,"The user frequently expresses gratitude towards creators and filmmakers, indicating a supportive attitude towards the industry.",0.8,0,1,0.49568105,brand_loyalty,medium_specific
positive_storytelling,1,"The user appreciates stories that are engaging and enjoyable, even if they are somewhat predictable.",0.8,0,1,0.5193162,pacing_preference,cdr_relevant
positive_surprise_in_storytelling,1,"The user appreciates movies that exceed their initial expectations, particularly in terms of storytelling.",0.75,0,1,0.47914004,pacing_preference,medium_specific
preference_for_character_development,3,"The user appreciates well-developed characters and plots, indicating a preference for depth in storytelling.",0.8333333333333334,0,3,0.69274664,narrative_complexity,cdr_relevant
preference_for_classic_storytelling,1,"The user shows a strong inclination towards classic films that tell timeless stories, often with moral lessons or social commentary.",0.85,0,1,0.4817403,narrative_complexity,medium_specific
preference_for_comedy,2,"The user shows a strong preference for comedic content, particularly those that are edgy and funny.",0.875,0,2,0.4349072,genre_preference,surface
preference_for_engaging_plots,1,The user favors films with engaging and well-structured plots that keep them entertained.,0.9,0,1,0.524431,pacing_preference,medium_specific
preference_for_fast_paced_stories,1,The user prefers films and shows that maintain a fast pace and engaging narrative flow.,0.85,0,1,0.8063507,pacing_preference,medium_specific
preference_for_fast_pacing,1,"The user favors films and shows that are fast-paced and engaging, as indicated by their repeated praise for this quality.",0.9,0,1,0.68023974,pacing_preference,medium_specific
preference_for_fresh_concepts,1,"The user is drawn to original and fresh concepts in storytelling, valuing innovation in plot and themes.",0.8,0,1,0.5353497,narrative_complexity,cdr_relevant
preference_for_high_quality_video,1,"The user has a strong preference for high-quality video and audio in home media releases, often criticizing poor transfers.",0.9,1,0,0.4214543,sensory_preference,medium_specific
preference_for_inspiring_narratives,1,"The user is drawn to films that feature inspiring narratives, particularly those that involve heroism and resilience.",0.9,0,1,0.4831479,narrative_complexity,medium_specific
preference_for_interwoven_stories,1,"The user enjoys narratives that feature multiple interwoven storylines, appreciating the complexity and depth they can bring to a series.",0.8,0,1,0.65650725,narrative_complexity,cdr_relevant
preference_for_mysteries,1,"The user shows a strong interest in mystery genres, often expressing excitement for new mystery series.",0.75,0,1,0.5355073,genre_preference,cdr_relevant
preference_for_non_violent_narratives,1,The user prefers movies that avoid violence and focus on character-driven stories with meaningful dialogue.,0.9,0,1,0.6318909,pacing_preference,medium_specific
preference_for_originality,1,The user values original content and new music over repetitive or recycled material from past performances.,0.8,1,0,0.4124044,emotional_resonance,medium_specific
preference_for_positive_themes,1,The user prefers content that embodies hopefulness and positivity rather than dark or pessimistic themes.,0.8,1,0,0.5385268,genre_preference,cdr_relevant
preference_for_serial_format,1,"The user enjoys shows that are serialized, indicating a desire for ongoing narratives and character arcs.",0.95,0,1,0.51954675,pacing_preference,cdr_relevant
preference_for_subtle_humor,1,"The user prefers humor that is subtle and clever rather than overt and loud, indicating a taste for wit over slapstick.",0.75,0,0,0.34428036,pacing_preference,surface
preference_for_unique_concepts,1,The user is drawn to films and series with unique and original concepts that stand out.,0.85,0,1,0.46407753,genre_preference,medium_specific
preference_for_unique_narratives,1,"The user prefers films with unique storytelling and innovative approaches, showing frustration with generic plots and predictable outcomes.",0.75,1,0,0.6148446,narrative_complexity,medium_specific
preference_for_witty_writing,1,"The user enjoys shows with clever and witty writing, indicating a preference for intelligent humor.",0.85,0,1,0.38968349,pacing_preference,surface
production_quality_importance,1,"The user places a high importance on the quality of production in films and operas, often mentioning the craftsmanship involved.",0.85,0,1,0.5450273,quality_sensitivity,medium_specific
realism_appreciation,1,"The user appreciates realism in films, particularly in emotional scenes, which enhances their viewing experience.",0.7,0,1,0.52148604,sensory_preference,medium_specific
realism_expectation,1,"The user has a strong expectation for realism in storytelling, often critiquing elements that seem implausible or exaggerated.",0.8,0,0,0.5287314,narrative_complexity,cdr_relevant
recommendation_for_special_occasions,1,"The user often recommends movies for specific occasions, such as holidays or family gatherings, indicating a preference for thematic relevance.",0.7,0,1,0.4437502,genre_preference,medium_specific
rental_preference,1,"The user prefers renting movies over purchasing them outright, indicating a more cautious approach to spending on films.",0.85,0,0,0.44379663,genre_preference,medium_specific
repeated_expressions_of_love,1,The user frequently uses the phrase 'Love this' to indicate a strong affection for specific titles.,0.9,0,1,0.37657517,emotional_resonance,surface
romantic_relationships,1,"The user enjoys movies that explore romantic relationships, particularly those with themes of love and transformation.",0.9,0,1,0.39568666,emotional_resonance,medium_specific
scary_movie_enthusiasm,1,"The user expresses a clear enjoyment of scary movies, often rating them highly.",0.9,0,1,0.41934478,emotional_resonance,medium_specific
season_deterioration_disappointment,3,The user expresses strong dissatisfaction when a show's quality declines in later seasons.,0.8333333333333334,2,1,0.37885582,quality_sensitivity,medium_specific
selective_rating_criteria,1,"The user has specific criteria for rating content, indicating that their ratings may reflect a comparison to previous experiences rather than absolute quality.",0.7,0,0,0.48795018,quality_sensitivity,meta
sequel_enjoyment,4,"The user tends to enjoy sequels or reimaginings of original films, especially when they add new twists to the story.",0.8375,0,4,0.45915115,narrative_complexity,medium_specific
series_continuation_desire,3,"The user enjoys engaging series that keep them wanting to watch more, often binge-watching them.",0.7833333333333333,0,3,0.3406011,pacing_preference,medium_specific
series_enjoyment,1,"The user shows a clear preference for TV series, often using enthusiastic language to describe their enjoyment.",0.95,0,1,0.45629048,sensory_preference,surface
series_loyalty,5,"The user tends to rate series highly when they find them enjoyable, suggesting a preference for engaging series.",0.86,0,5,0.50301296,brand_loyalty,cdr_relevant
skepticism_towards_action_films,1,"The user is critical of action films that lack depth or coherent storytelling, often labeling them as disappointing.",0.8,1,0,0.48729697,narrative_complexity,medium_specific
skepticism_towards_hyped_films,1,The user shows skepticism towards films that are heavily marketed or critically acclaimed but fail to meet expectations.,0.7,0,0,0.43364125,genre_preference,medium_specific
skepticism_towards_modern_narratives,1,"The user exhibits skepticism towards modern narratives that challenge traditional views of American history, particularly regarding indigenous peoples.",0.8,1,0,0.37281656,narrative_complexity,surface
skepticism_towards_reality_tv,1,"The user expresses a critical view of reality television, often questioning its authenticity and the ethics behind its production.",0.7,0,0,0.34747732,emotional_resonance,surface
slapstick_humor_enjoyment,1,"The user enjoys slapstick comedy, particularly in family-oriented films that are entertaining for children.",0.75,0,1,0.31287616,emotional_resonance,medium_specific
slow_burn_appreciation,1,"The user is willing to invest time in series that start slow, showing a preference for gradual character and plot development.",0.75,0,1,0.5782452,pacing_preference,cdr_relevant
slow_burn_tolerance,1,The user shows a willingness to endure slow starts in films if they eventually lead to a rewarding experience.,0.75,0,0,0.50930566,pacing_preference,medium_specific
social_impact_awareness,1,The user is interested in films that address social issues and provoke thought about real-world events.,0.7,0,1,0.44885302,emotional_resonance,medium_specific
social_issue_awareness,1,The user values narratives that address social issues and promote understanding of diverse perspectives.,0.8,0,1,0.40333295,emotional_resonance,surface
sociological_interest,2,"The user appreciates content that explores sociological themes and individual perspectives, particularly regarding societal issues.",0.8,0,2,0.4378285,genre_preference,surface
sports_fandom_influence,1,"The user shows a preference for movies related to sports, particularly those that resonate with their own fandom or that of friends and family.",0.7,0,1,0.49530888,genre_preference,medium_specific
story_engagement,9,The user shows a strong preference for films and series with engaging and thought-provoking narratives.,0.8500000000000001,0,8,0.57324237,pacing_preference,medium_specific
strong_actor_preference,1,"The user has a strong preference for movies featuring well-known actors, particularly Meryl Streep.",0.85,0,1,0.34712368,genre_preference,medium_specific
strong_character_development,3,"The user values character development and dynamics, particularly in family or ensemble casts.",0.7833333333333333,1,2,0.46301782,narrative_complexity,medium_specific
strong_characterization,1,The user appreciates films with well-developed characters and strong performances by actors.,0.9,0,1,0.42263868,sensory_preference,medium_specific
strong_narrative_satisfaction,1,"The user expresses satisfaction with the narratives of the shows and movies they review, often describing them as excellent or well done.",0.9,0,1,0.49183047,narrative_complexity,medium_specific
strong_reaction_to_bad_quality,1,"The user has a very negative reaction to shows they consider poorly made, both in terms of acting and plot.",0.9,1,0,0.46619314,quality_sensitivity,medium_specific
strong_supporting_cast_value,1,"The user values strong supporting performances, indicating that they enhance the overall experience of the film.",0.8,0,1,0.41967043,quality_sensitivity,medium_specific
supermarionation_affinity,1,"The user has a strong preference for SuperMarionation productions, indicating a nostalgic connection to this style of filmmaking.",0.9,0,1,0.42201632,sensory_preference,medium_specific
support_for_collecting,1,The user frequently purchases multiple copies of movies and series to support their favorite franchises or collections.,0.95,0,1,0.3260351,brand_loyalty,medium_specific
support_for_female_characters,3,"The user values films that feature strong female characters, often highlighting their resilience and complexity.",0.75,0,3,0.37109834,emotional_resonance,medium_specific
support_for_lgbt_representation,1,"The user shows support for LGBT representation in film and television, appreciating actors who contribute to the community.",0.75,0,1,0.30758804,emotional_resonance,medium_specific
suspense_and_twists,1,"The user enjoys narratives that include suspense and unexpected twists, keeping them engaged and surprised.",0.9,0,1,0.5275844,pacing_preference,cdr_relevant
thought_provocation_value,1,"The user enjoys films that provoke thought and discussion, valuing deeper narratives over superficial entertainment.",0.85,0,1,0.49228448,emotional_resonance,medium_specific
thought_provoking_programs,1,"The user values programs that stimulate thought and discussion, as evidenced by their review of a 'thought provoking program'.",0.8,0,1,0.37636662,emotional_resonance,surface
thrill_seeker,1,"The user seeks thrilling experiences in films, particularly those that evoke strong emotional reactions.",0.8,0,1,0.5540287,sensory_preference,medium_specific
thriller_appreciation,2,"The user enjoys thrillers that keep them guessing, suggesting a preference for suspenseful narratives that engage the viewer's curiosity.",0.825,0,2,0.5049919,genre_preference,cdr_relevant
timeliness_of_delivery,3,"The user appreciates timely delivery of products, indicating that promptness enhances their viewing experience.",0.9,0,2,0.3225844,quality_sensitivity,surface
tolerance_for_average_movies,1,"The user shows a willingness to enjoy average or mediocre films, often rating them positively despite flaws.",0.7,0,0,0.5236204,quality_sensitivity,medium_specific
tolerance_for_predictability_in_kids_movies,1,"The user shows tolerance for predictability in children's movies, recognizing their intended purpose.",0.8,0,0,0.40808064,quality_sensitivity,medium_specific
tolerance_for_slow_pacing,1,"The user shows a preference for narratives that unfold slowly, allowing for a gradual reveal of plot and character details.",0.85,0,1,0.80676615,pacing_preference,cdr_relevant
unexpected_endings_enjoyment,5,"The user often feels let down by the endings of films, indicating a preference for satisfying conclusions.",0.73,0,4,0.43665546,sensory_preference,medium_specific
uplifting_content_preference,1,"The user enjoys uplifting and positive content, particularly in musicals and family-oriented films.",0.9,0,1,0.4972158,genre_preference,medium_specific
value_for_entertainment_quality,4,"The user places a high value on the overall entertainment quality of films and series, often rating them highly for this reason.",0.7875,0,4,0.48033673,sensory_preference,medium_specific
value_for_money,5,"The user expresses concern over the value of their purchases, particularly when products do not meet expectations.",0.8,1,3,0.33417422,emotional_resonance,meta
value_for_money_concern,1,"The user expresses concern about the cost of viewing content, indicating a preference for value in their entertainment choices.",0.75,0,0,0.3630492,emotional_resonance,meta
value_in_different_perspectives,1,The user appreciates films that offer different viewpoints or unique storytelling angles.,0.65,0,1,0.53056616,sensory_preference,medium_specific
value_of_story_twists,6,The user enjoys films with unique and creative storylines that offer unexpected twists.,0.8250000000000001,0,6,0.4944123,narrative_complexity,medium_specific
variable_rating_on_quality,1,"The user frequently gives variable ratings, indicating a nuanced view where they can appreciate aspects of a film while still finding it lacking overall.",0.75,0,0,0.5518075,quality_sensitivity,medium_specific
video_quality_concern,1,"The user expresses dissatisfaction with video playback quality, particularly issues like skipping and stopping.",0.9,1,0,0.41199663,quality_sensitivity,surface
visual_aesthetic_appreciation,15,"The user often highlights the importance of cinematography in films, particularly in creating atmosphere and enhancing storytelling.",0.81,0,14,0.5451635,sensory_preference,medium_specific
visual_quality_preference,1,The user values high visual quality in films and often upgrades to better formats like Blu-ray for enhanced viewing experiences.,0.85,0,1,0.49124613,sensory_preference,medium_specific
wes_anderson_critical_fan,1,"The user appreciates Wes Anderson's work but is critical of his lesser films, indicating a high standard for his style.",0.85,0,0,0.4223929,genre_preference,medium_specific
western_genre_preference,3,"The user expresses a strong admiration for classic westerns, often citing them as exemplary representations of American cinema.",0.8666666666666667,0,3,0.5739961,genre_preference,cdr_relevant
zombie_fanaticism,1,"The user has a particular fondness for zombie movies, viewing them as a form of escapism.",0.85,0,1,0.37544662,genre_preference,medium_specific
